id,created_at,provider,model_id,use_case,prompt,prompt_complexity,prompt_quality_score,response,accuracy_score,cost,tokens,latency_ms,clarity
2c220b4d-125e-46a9-9268-c74e3be71fd1,2026-03-25 15:00:29.320981+00,Meta,llama4-scout,text-generation,Whats the captial of France?,mid,,The capital of France is Paris.,75,0.000011,49,510,CLEAR
9dafa479-ef88-4629-a022-6469e0d97d54,2026-03-25 15:00:29.603982+00,Meta,llama4-maverick,text-generation,Whats the captial of France?,mid,,The capital of France is Paris.,75,0.000019,49,381,CLEAR
dc43fffe-7434-41f4-9e56-add53c09f919,2026-03-25 15:00:29.82652+00,Meta,llama3-3-70b,text-generation,Whats the captial of France?,mid,,The capital of France is Paris.,75,0.000018,25,448,CLEAR
44df5e92-d151-45a8-bb1c-5da2b4c2ce01,2026-03-25 15:00:30.05482+00,Meta,llama3-2-90b,text-generation,Whats the captial of France?,mid,,The capital of France is Paris.,75,0.000018,25,600,CLEAR
1a47dc0a-a7b0-46f3-81d7-d8368cd3ee4c,2026-03-25 15:00:30.246226+00,Meta,llama3-1-70b,text-generation,Whats the captial of France?,mid,,The capital of France is Paris.,75,0.000018,25,917,CLEAR
ec46929b-a4be-4de2-848f-eb921b8daade,2026-03-25 15:00:30.455452+00,Amazon,nova-lite,text-generation,Whats the captial of France?,mid,,"The capital of France is Paris. It is not only the capital but also the largest city in the country, known for its rich history, culture, and landmarks such as the Eiffel Tower, Notre-Dame Cathedral, and the Louvre Museum. Paris is a global center for art, fashion, gastronomy, and politics, and it plays a significant role in various aspects of international affairs.",89,0.000019,85,1051,CLEAR
44bd1519-03fd-417a-83f7-e7875e609226,2026-03-25 15:00:30.676998+00,Amazon,nova-pro,text-generation,Whats the captial of France?,mid,,"The capital of France is Paris. Paris is not only the capital but also the largest city in France, located in the northern central part of the country along the Seine River. It is renowned for its significant influence in the realms of culture, art, fashion, food, and design.

### Key Points about Paris:
1. **Historical Significance**:
   - Paris has been a major settlement for over 2,000 years. It was originally a small town on an island in the Seine River called Lutetia, founded by a Celtic tribe known as the Parisii.
   - It became an important center under the Roman Empire and later grew into a medieval city.

2. **Cultural Hub**:
   - Paris is home to numerous iconic landmarks such as the Eiffel Tower, Notre-Dame Cathedral, and the Louvre Museum, which houses thousands of works of art including the Mona Lisa.
   - It is also famous for its cafés, theatres, and fashion houses.

3. **Economic Center**:
   - The city is a leading center of finance, commerce, industry, media, and tourism.
   - The Paris Region (Île-de-France) generates a substantial portion of France's economic activity.

4. **Education and Research**:
   - Paris hosts some of the world’s top universities and research institutions, including Sorbonne University and Sciences Po.

5. **Transportation**:
   - Paris is a major transportation hub with an extensive public transportation system including the Paris Métro, buses, and RER (Réseau Express Régional).
   - It is served by several airports, the largest being Charles de Gaulle Airport.

6. **Population**:
   - The city of Paris has a population of around 2.1 million within its administrative limits, with the metropolitan area (Île-de-France) having a population of over 12 million.

Paris continues to be a global city, exerting a wide-ranging influence across various fields.",100,0.00129,409,4255,CLEAR
d65104fa-fd03-4c6f-847b-796b0f7a0873,2026-03-25 15:00:30.937656+00,Amazon,nova-premier,text-generation,Whats the captial of France?,mid,,"The capital city of France is Paris. It is situated along the Seine River in the northern-central part of the country. Paris is often referred to as ""The City of Light"" (La Ville Lumière) and is renowned for its art, fashion, gastronomy, and culture. It's home to numerous iconic landmarks such as the Eiffel Tower, the Louvre Museum, the Notre-Dame Cathedral, and the Arc de Triomphe. Paris is also a major center for international diplomacy and hosts many significant international organizations, including UNESCO. The city's history, architecture, and cultural life make it one of the most visited and beloved cities in the world.",90,0.00178,176,2543,CLEAR
a6347343-2c1b-4a9a-b779-565bebdec0f9,2026-03-25 15:00:31.198506+00,Mistral AI,pixtral-large-2,text-generation,Whats the captial of France?,mid,,"The capital of France is Paris. Known for iconic landmarks like the Eiffel Tower, Louvre Museum, and Notre-Dame Cathedral, Paris is also a major center for art, fashion, gastronomy, and culture. It's situated on the Seine River, in the northern part of the country.",88,0.000442,81,2269,CLEAR
71cb5fd6-f60f-4ef2-874d-afd648823edc,2026-03-25 15:00:31.391577+00,Mistral AI,mistral-large,text-generation,Whats the captial of France?,mid,,"The capital of France is Paris. It's known for its iconic landmarks like the Eiffel Tower, Louvre Museum, Notre-Dame Cathedral, and more. Would you like to know more about Paris or France in general?",86,0.000616,56,1379,CLEAR
75eae985-f1e3-4f64-8593-f430823dcc72,2026-03-25 15:00:31.601304+00,Mistral AI,mistral-small,text-generation,Whats the captial of France?,mid,,"The capital of France is Paris. It's a beautiful city known for its iconic landmarks such as the Eiffel Tower, Louvre Museum, and Notre-Dame Cathedral. Paris is also celebrated for its art, fashion, gastronomy, and intellectual pursuits.",87,0.000184,66,2277,CLEAR
94b7edad-8936-4086-a59a-f4adadc2ae37,2026-03-25 15:00:31.790955+00,Google,gemini-3-1-pro,text-generation,Whats the captial of France?,mid,,The capital of France is Paris.,75,0.000079,14,3854,CLEAR
0b6f937d-bc24-48bc-b43b-c3ce8f27f65b,2026-03-25 15:00:31.999369+00,Google,gemini-3-1-flash-lite,text-generation,Whats the captial of France?,mid,,The capital of France is **Paris**.,76,0.000003,15,2052,CLEAR
255ed856-209f-4196-99a9-73dcb5058fec,2026-03-25 15:00:32.219194+00,Google,gemini-2-5-pro,text-generation,Whats the captial of France?,mid,,The capital of France is **Paris**.,76,0.000089,15,17480,CLEAR
1d9b8c3d-918b-4844-9514-e53c7429ca06,2026-03-25 15:00:32.435139+00,Google,gemini-2-5-flash,text-generation,Whats the captial of France?,mid,,The capital of France is **Paris**.,76,0.000006,15,12297,CLEAR
056df079-1ecc-4de1-9f89-a797f76033d6,2026-03-25 15:00:32.653388+00,Google,gemini-2-0-flash,text-generation,Whats the captial of France?,mid,,"The capital of France is **Paris**.
",76,0.000004,16,11999,CLEAR
cd1ef4a4-f19f-42eb-babc-d610e7704c12,2026-03-25 15:00:32.875134+00,Google,gemini-2-0-flash-lite,text-generation,Whats the captial of France?,mid,,"The capital of France is **Paris**.
",76,0.000003,16,12764,CLEAR